plot_name,file_path
force_least_error_Pictilisib_RKO_clean.png,C:\Users\livan.miranda\Desktop\repos\classification-shap-pipeline\results_regression_20251009_230323\force_least_error_Pictilisib_RKO_clean.png
least_error_top10_Pictilisib_RKO.png,C:\Users\livan.miranda\Desktop\repos\classification-shap-pipeline\results_regression_20251009_230323\least_error_top10_Pictilisib_RKO.png
metrics_bar_regression.png,C:\Users\livan.miranda\Desktop\repos\classification-shap-pipeline\results_regression_20251009_230323\metrics_bar_regression.png
per_drug_top10_5-Fluorouracil.png,C:\Users\livan.miranda\Desktop\repos\classification-shap-pipeline\results_regression_20251009_230323\per_drug_top10_5-Fluorouracil.png
per_drug_top10_Camptothecin.png,C:\Users\livan.miranda\Desktop\repos\classification-shap-pipeline\results_regression_20251009_230323\per_drug_top10_Camptothecin.png
per_drug_top10_Docetaxel.png,C:\Users\livan.miranda\Desktop\repos\classification-shap-pipeline\results_regression_20251009_230323\per_drug_top10_Docetaxel.png
per_drug_top10_MG-132.png,C:\Users\livan.miranda\Desktop\repos\classification-shap-pipeline\results_regression_20251009_230323\per_drug_top10_MG-132.png
per_drug_top10_MK-2206.png,C:\Users\livan.miranda\Desktop\repos\classification-shap-pipeline\results_regression_20251009_230323\per_drug_top10_MK-2206.png
per_drug_top10_Navitoclax.png,C:\Users\livan.miranda\Desktop\repos\classification-shap-pipeline\results_regression_20251009_230323\per_drug_top10_Navitoclax.png
per_drug_top10_Nutlin-3a_-.png,C:\Users\livan.miranda\Desktop\repos\classification-shap-pipeline\results_regression_20251009_230323\per_drug_top10_Nutlin-3a_-.png
per_drug_top10_Olaparib.png,C:\Users\livan.miranda\Desktop\repos\classification-shap-pipeline\results_regression_20251009_230323\per_drug_top10_Olaparib.png
per_drug_top10_PD0325901.png,C:\Users\livan.miranda\Desktop\repos\classification-shap-pipeline\results_regression_20251009_230323\per_drug_top10_PD0325901.png
per_drug_top10_PD173074.png,C:\Users\livan.miranda\Desktop\repos\classification-shap-pipeline\results_regression_20251009_230323\per_drug_top10_PD173074.png
per_drug_top10_Palbociclib.png,C:\Users\livan.miranda\Desktop\repos\classification-shap-pipeline\results_regression_20251009_230323\per_drug_top10_Palbociclib.png
per_drug_top10_Pictilisib.png,C:\Users\livan.miranda\Desktop\repos\classification-shap-pipeline\results_regression_20251009_230323\per_drug_top10_Pictilisib.png
per_drug_top10_Staurosporine.png,C:\Users\livan.miranda\Desktop\repos\classification-shap-pipeline\results_regression_20251009_230323\per_drug_top10_Staurosporine.png
