DRUG_NAME,feature,mean_abs_shap
5-Fluorouracil,TJP1,0.038844611145007875
5-Fluorouracil,BCL2L1,0.03336868720570541
5-Fluorouracil,PTPN7,0.029860923857502983
5-Fluorouracil,AGAP2,0.029657193909060894
5-Fluorouracil,EEF2,0.027589109933804437
5-Fluorouracil,RHEB,0.025405269387442034
5-Fluorouracil,ELMO1,0.024879013748016696
5-Fluorouracil,DFFB,0.021481051711840962
5-Fluorouracil,THBS1,0.01953894730942921
5-Fluorouracil,IKZF1,0.017929439483923535
Camptothecin,TJP1,0.03651620913226631
Camptothecin,BCL2L1,0.033327897163598956
Camptothecin,AGAP2,0.027891740472364878
Camptothecin,EEF2,0.027885488890796405
Camptothecin,PTPN7,0.027351755834934367
Camptothecin,RHEB,0.026708718448224512
Camptothecin,ELMO1,0.023507617205576762
Camptothecin,DFFB,0.02164236655967118
Camptothecin,THBS1,0.0195590445129512
Camptothecin,IKZF1,0.016513609709252752
Docetaxel,TJP1,0.03661545698794033
Docetaxel,BCL2L1,0.03330620618440792
Docetaxel,EEF2,0.028740330204684084
Docetaxel,AGAP2,0.02854254593677788
Docetaxel,PTPN7,0.02853670359924576
Docetaxel,RHEB,0.028447961576427865
Docetaxel,ELMO1,0.024034993584497396
Docetaxel,DFFB,0.022036148159383963
Docetaxel,THBS1,0.019837379456441134
Docetaxel,IKZF1,0.01714621334371433
MG-132,TJP1,0.03928853754912162
MG-132,BCL2L1,0.033589017011129534
MG-132,AGAP2,0.029972839217708446
MG-132,PTPN7,0.029480262587021546
MG-132,EEF2,0.0277064396831722
MG-132,RHEB,0.027346362472495087
MG-132,ELMO1,0.025119000948668337
MG-132,DFFB,0.022390663978713962
MG-132,THBS1,0.01887400523134423
MG-132,IKZF1,0.01738233178301183
MK-2206,TJP1,0.03734557677304777
MK-2206,BCL2L1,0.032656163006485495
MK-2206,EEF2,0.028490806044069002
MK-2206,AGAP2,0.02726730505162996
MK-2206,PTPN7,0.02655875244470897
MK-2206,RHEB,0.026154994696815415
MK-2206,ELMO1,0.024210137940214257
MK-2206,DFFB,0.021411796151782302
MK-2206,THBS1,0.01929681451429847
MK-2206,IKZF1,0.01665329937620764
Navitoclax,TJP1,0.03673405515522035
Navitoclax,BCL2L1,0.03389281004714191
Navitoclax,EEF2,0.02882204574618433
Navitoclax,AGAP2,0.027891993889781204
Navitoclax,PTPN7,0.02779270577228222
Navitoclax,RHEB,0.025574520035457668
Navitoclax,ELMO1,0.023782644965263135
Navitoclax,DFFB,0.022598866734898814
Navitoclax,THBS1,0.019202487459516547
Navitoclax,IKZF1,0.01642681756620544
Nutlin-3a (-),TJP1,0.03858537421788009
Nutlin-3a (-),BCL2L1,0.033268232431687514
Nutlin-3a (-),PTPN7,0.029750809655907352
Nutlin-3a (-),EEF2,0.027306075962912936
Nutlin-3a (-),AGAP2,0.02690559852365451
Nutlin-3a (-),RHEB,0.02561318885284468
Nutlin-3a (-),ELMO1,0.024682540801133527
Nutlin-3a (-),DFFB,0.021605829931339537
Nutlin-3a (-),THBS1,0.020359091348105984
Nutlin-3a (-),IKZF1,0.016991672993147994
Olaparib,TJP1,0.04092149419942871
Olaparib,BCL2L1,0.034153758115386686
Olaparib,PTPN7,0.03129671125975022
Olaparib,AGAP2,0.030572433045145033
Olaparib,EEF2,0.02830856310947761
Olaparib,RHEB,0.026413174202653208
Olaparib,ELMO1,0.02580451169372205
Olaparib,DFFB,0.021999625849459956
Olaparib,THBS1,0.01902682713234042
Olaparib,IKZF1,0.018885863991398848
PD0325901,TJP1,0.03926014973673681
PD0325901,BCL2L1,0.03294998891085934
PD0325901,PTPN7,0.03088556609304814
PD0325901,AGAP2,0.028734819804091642
PD0325901,EEF2,0.027259459005459265
PD0325901,RHEB,0.025552461811578372
PD0325901,ELMO1,0.024323143646728614
PD0325901,DFFB,0.021844074838685223
PD0325901,THBS1,0.019458822348817455
PD0325901,IKZF1,0.018190389044388657
PD173074,TJP1,0.04086727935936647
PD173074,BCL2L1,0.034241666449337536
PD173074,PTPN7,0.030524537558172003
PD173074,AGAP2,0.029394175857252607
PD173074,EEF2,0.028011941250920453
PD173074,RHEB,0.025929510801845492
PD173074,ELMO1,0.02569414692529891
PD173074,DFFB,0.022183655973987183
PD173074,THBS1,0.019550436256639193
PD173074,IKZF1,0.018253655071285683
Palbociclib,TJP1,0.035937019722095676
Palbociclib,BCL2L1,0.03431575328901912
Palbociclib,EEF2,0.027674882771369112
Palbociclib,RHEB,0.026412611957554576
Palbociclib,PTPN7,0.02622780508617699
Palbociclib,AGAP2,0.026110719058995934
Palbociclib,ELMO1,0.023776060504377722
Palbociclib,DFFB,0.021070763668075088
Palbociclib,THBS1,0.018878053892415255
Palbociclib,IKZF1,0.01603848440836269
Pictilisib,TJP1,0.039081001261806754
Pictilisib,BCL2L1,0.0338767852018741
Pictilisib,PTPN7,0.02998387448785605
Pictilisib,EEF2,0.028374175047802177
Pictilisib,AGAP2,0.02814814073498679
Pictilisib,RHEB,0.026006761470837924
Pictilisib,ELMO1,0.024119388258103027
Pictilisib,DFFB,0.02215231123936707
Pictilisib,THBS1,0.01924971479912116
Pictilisib,IKZF1,0.01751044649405311
Staurosporine,TJP1,0.0376863371472058
Staurosporine,BCL2L1,0.033221694646843145
Staurosporine,EEF2,0.02795389130712828
Staurosporine,AGAP2,0.02715058971364357
Staurosporine,PTPN7,0.02685266447588616
Staurosporine,RHEB,0.02579264631208931
Staurosporine,ELMO1,0.023681526548369743
Staurosporine,DFFB,0.02211030704093986
Staurosporine,THBS1,0.019485132083445624
Staurosporine,IKZF1,0.01656253769187149
